Rank,Clinical feature,Original feature,Aggregated mean |SHAP|,Share of total (%)
1,Age,age_numeric,0.5629558247937595,13.807734069256382
2,Summary stage,summary_stage_clean,0.5471489222902589,13.420034898887272
3,Nodes examined,regional_nodes_examined,0.3219516714999178,7.896575303847416
4,Tumor deposits,tumor_deposits_clean,0.275682477081157,6.761721192750823
5,EOD mets,eod_mets_clean,0.25064245354513065,6.147559351188854
6,CEA,cea_clean,0.23815915226614978,5.8413788361729155
7,Tumor size (mm),tumor_size_mm,0.21811339527653617,5.349712404209228
8,Perineural invasion,pni_clean,0.1963107226126954,4.814953737751432
9,Nodal assessment,nodal_assessment,0.18391090838847593,4.510820927012812
10,Node ratio,node_ratio,0.12603481139326533,3.0912819133271063
11,T stage,t_stage_clean,0.12336595891552417,3.0258224160455454
12,Grade,grade_clean,0.11492810769542708,2.818865492195021
13,EOD primary tumor,eod_primary_tumor_clean,0.11143030446691178,2.7330741482230154
14,Nodes positive,regional_nodes_positive,0.10737998833000781,2.633731205754525
15,Histology,histology_clean,0.09751974057914023,2.3918868677003964
16,AJCC stage group,stage_group_clean,0.0783364435169558,1.9213741689407229
17,M stage,m_stage_clean,0.07146162117443486,1.7527539779804682
18,Sex,sex_clean,0.0698172560323972,1.7124222936918672
19,Primary site (SEER recode),site_recode_clean,0.06798731291600689,1.6675389000041998
20,Race,race_clean,0.06545404623970312,1.6054049437462183
21,Diagnostic confirmation,diagnostic_confirmation_clean,0.06301544358013401,1.5455928314259537
22,Primary site,site_group,0.06272423059336635,1.5384501902066805
23,EOD regional nodes,eod_regional_nodes_clean,0.05754016851682931,1.4112996263457167
24,N stage,n_stage_clean,0.04122963465802678,1.0112477854531308
25,Hispanic origin,hispanic_origin_clean,0.012143487652554156,0.2978458358454575
26,Tumor size category,tumor_size_special,0.011860978771814941,0.29091668203684484
