Group,Target coverage,N,Empirical coverage,Abstain rate,qhat
Overall,0.9,22188,0.8877771768523526,0.0822065981611682,0.6143
True survivors,0.9,14963,0.9435941990242599,0.059546882309697256,0.6143
True deaths,0.9,7225,0.7721799307958478,0.1291349480968858,0.6143
Stage: Stage 0,0.9,541,0.9685767097966729,0.0166358595194085,0.6143
Stage: Stage I,0.9,4037,0.9509536784741145,0.01907356948228883,0.6143
Stage: Stage II,0.9,4321,0.8974774357787549,0.04073131219625087,0.6143
Stage: Stage III,0.9,5319,0.861440120323369,0.08779845835683399,0.6143
Stage: Stage IV,0.9,5573,0.8627310245828099,0.12847658352772295,0.6143
Stage: Unknown/unstaged,0.9,2397,0.8623279098873592,0.15811430955360867,0.6143
