Stage,Model,N,Deaths,Few deaths (<30),AUC-ROC,AUC-PR,Brier,Precision@0.50,Recall@0.50,Precision@F1thr,Recall@F1thr
Stage 0,Full model,541,25,True,0.8682945736434109,0.506853091484062,0.032556527689295,1.0,0.16,0.8,0.32
Stage 0,TNM + age/sex/site,541,25,True,0.7492635658914728,0.25629589567001587,0.04131143345876022,0.0,0.0,0.0,0.0
Stage I,Full model,4037,288,False,0.884471970303192,0.53174959595492,0.0460165441341854,0.7610619469026548,0.2986111111111111,0.6728395061728395,0.3784722222222222
Stage I,TNM + age/sex/site,4037,288,False,0.806300198571471,0.3655531889602483,0.05966100406570003,0.0,0.0,1.0,0.006944444444444444
Stage II,Full model,4321,594,False,0.8005732578445216,0.47834488793406044,0.09457665933539507,0.6728971962616822,0.24242424242424243,0.5482954545454546,0.32491582491582494
Stage II,TNM + age/sex/site,4321,594,False,0.7297613917549522,0.32429132727690674,0.10727315368950956,0.6111111111111112,0.07407407407407407,0.45064377682403434,0.17676767676767677
Stage III,Full model,5319,1053,False,0.7803209101849515,0.5043447854819233,0.12966046920228141,0.6426799007444168,0.2459639126305793,0.5327342747111682,0.39411206077872746
Stage III,TNM + age/sex/site,5319,1053,False,0.7364230477607568,0.429473917882799,0.1384746640341771,0.605072463768116,0.15859449192782527,0.5079365079365079,0.3342830009496676
Stage IV,Full model,5573,4206,False,0.8156295861870091,0.9250939364465476,0.13653887628545328,0.8340836012861736,0.9251069900142653,0.8065599683856945,0.9705183071802187
Stage IV,TNM + age/sex/site,5573,4206,False,0.7536805156252555,0.8959818132419486,0.15658143622068904,0.8042262274704786,0.9229671897289586,0.7814354066985646,0.9707560627674751
Unknown/unstaged,Full model,2397,1059,False,0.8786573480071873,0.8503135026564205,0.14195024106516774,0.7984913793103449,0.6997167138810199,0.7333901192504259,0.8130311614730878
Unknown/unstaged,TNM + age/sex/site,2397,1059,False,0.8193567556046754,0.7815697731206808,0.17804270867091285,0.8111111111111111,0.5514636449480642,0.6949300699300699,0.7507082152974505
