Variable,Level,N,Deaths,AUC-ROC,Brier,Cal. slope,ECE
race_clean,American Indian/Alaska Native,257,101,0.888931200812389,0.13003096089293686,0.9887733314688456,0.06994552004984564
race_clean,Asian or Pacific Islander,2261,688,0.909432335634767,0.11010789458013805,0.9452749252751186,0.02358115362669212
race_clean,Black,2623,950,0.9104935980117658,0.1114647943787785,0.9444250143997416,0.01550421846431324
race_clean,Unknown/Not documented,315,53,0.9494454846608095,0.062487174570981005,1.1616662358165832,0.034650080402605324
race_clean,White,16732,5433,0.9098335821544812,0.10808450955990068,0.9794397579892263,0.010419481339857036
sex_clean,Female,10427,3391,0.9129025365441646,0.10722346178647377,0.9548704273957398,0.011335690494781676
sex_clean,Male,11761,3834,0.9081513996490801,0.10924908597476984,0.9883683338002718,0.010831374385364433
age_band,50-64,7972,2080,0.9181715184213275,0.09602040243300228,0.983295285370841,0.013222790669388142
age_band,65-79,7645,2554,0.8972231617913413,0.1148934979425205,0.9677553476723976,0.011511761040837497
age_band,80+,3218,1751,0.8853209598410412,0.1357034244349666,0.9372929503572424,0.018752373655186685
age_band,<50,3353,840,0.9131013965474769,0.09614329746455234,0.994208255866037,0.014033858032599841
