Variable,Level,"Train 2018-2019 (N=50,575)","Test 2020 (N=22,188)",SMD
tumor_size_mm,,46.9 ± 29.2,49.2 ± 29.1,-0.077
regional_nodes_examined,,13.8 ± 12.9,13.8 ± 13.5,-0.002
regional_nodes_positive,,1.7 ± 3.5,1.9 ± 3.9,-0.053
node_ratio,,0.1 ± 0.2,0.1 ± 0.2,-0.041
t_stage_clean,T0,105 (0.2%),58 (0.3%),-0.011
t_stage_clean,T1,"7,550 (14.9%)","2,942 (13.3%)",0.048
t_stage_clean,T1a,907 (1.8%),337 (1.5%),0.022
t_stage_clean,T1b,121 (0.2%),42 (0.2%),0.011
t_stage_clean,T2,"5,084 (10.1%)","2,092 (9.4%)",0.021
t_stage_clean,T3,"19,629 (38.8%)","8,649 (39.0%)",-0.003
t_stage_clean,T4,47 (0.1%),33 (0.1%),-0.016
t_stage_clean,T4a,"4,038 (8.0%)","2,091 (9.4%)",-0.051
t_stage_clean,T4b,"3,636 (7.2%)","1,862 (8.4%)",-0.045
t_stage_clean,TX,"7,534 (14.9%)","3,338 (15.0%)",-0.004
t_stage_clean,Tis,"1,418 (2.8%)",610 (2.7%),0.003
t_stage_clean,Unknown/Not documented,499 (1.0%),132 (0.6%),0.044
t_stage_clean,Other/rare (<10 total),7 (0.0%),2 (0.0%),0.005
n_stage_clean,N0,"26,115 (51.6%)","10,917 (49.2%)",0.049
n_stage_clean,N1,"1,872 (3.7%)",894 (4.0%),-0.017
n_stage_clean,N1a,"3,924 (7.8%)","1,681 (7.6%)",0.007
n_stage_clean,N1b,"3,936 (7.8%)","1,675 (7.5%)",0.009
n_stage_clean,N1c,"1,065 (2.1%)",510 (2.3%),-0.013
n_stage_clean,N2a,"2,539 (5.0%)","1,167 (5.3%)",-0.011
n_stage_clean,N2b,"2,546 (5.0%)","1,231 (5.5%)",-0.023
n_stage_clean,NX,"8,079 (16.0%)","3,981 (17.9%)",-0.052
n_stage_clean,Unknown/Not documented,499 (1.0%),132 (0.6%),0.044
m_stage_clean,M0,"38,516 (76.2%)","16,460 (74.2%)",0.046
m_stage_clean,M1,"1,424 (2.8%)",657 (3.0%),-0.009
m_stage_clean,M1a,"5,242 (10.4%)","2,386 (10.8%)",-0.013
m_stage_clean,M1b,"2,850 (5.6%)","1,464 (6.6%)",-0.04
m_stage_clean,M1c,"2,044 (4.0%)","1,089 (4.9%)",-0.042
m_stage_clean,Unknown/Not documented,499 (1.0%),132 (0.6%),0.044
site_group,Ascending colon,"6,553 (13.0%)","2,735 (12.3%)",0.019
site_group,Cecum,"7,123 (14.1%)","3,046 (13.7%)",0.01
site_group,"Colon, NOS","1,647 (3.3%)",781 (3.5%),-0.015
site_group,Descending colon,"2,044 (4.0%)",861 (3.9%),0.008
site_group,Hepatic flexure of colon,"1,524 (3.0%)",688 (3.1%),-0.005
site_group,Overlapping lesion of colon,510 (1.0%),235 (1.1%),-0.005
site_group,Rectosigmoid junction,"3,633 (7.2%)","1,699 (7.7%)",-0.018
site_group,"Rectum, NOS","13,349 (26.4%)","5,887 (26.5%)",-0.003
site_group,Sigmoid colon,"10,134 (20.0%)","4,393 (19.8%)",0.006
site_group,Splenic flexure of colon,972 (1.9%),465 (2.1%),-0.012
site_group,Transverse colon,"3,086 (6.1%)","1,398 (6.3%)",-0.008
tumor_size_special,Implausible,27 (0.1%),3 (0.0%),0.022
tumor_size_special,Measured,"39,287 (77.7%)","17,447 (78.6%)",-0.023
tumor_size_special,Microscopic focus,93 (0.2%),45 (0.2%),-0.004
tumor_size_special,No mass/indeterminate,56 (0.1%),36 (0.2%),-0.014
tumor_size_special,Polyposis/other,6 (0.0%),6 (0.0%),-0.011
tumor_size_special,Unknown/NA,"11,106 (22.0%)","4,651 (21.0%)",0.024
eod_mets_clean,00,"38,913 (76.9%)","16,557 (74.6%)",0.054
eod_mets_clean,10,256 (0.5%),114 (0.5%),-0.001
eod_mets_clean,20,"5,028 (9.9%)","2,291 (10.3%)",-0.013
eod_mets_clean,30,427 (0.8%),267 (1.2%),-0.036
eod_mets_clean,40,"2,442 (4.8%)","1,203 (5.4%)",-0.027
eod_mets_clean,50,"2,064 (4.1%)","1,096 (4.9%)",-0.041
eod_mets_clean,70,"1,444 (2.9%)",660 (3.0%),-0.007
eod_mets_clean,Other/rare (<10 total),1 (0.0%),0 (0.0%),0.006
3-year CSS survivor (outcome),1,"36,035 (71.3%)","14,963 (67.4%)",0.083
